序号,标签
1,吃货
2,美食
3,搞笑
4,美食
5,美食制作
6,美食制作
7,日常
8,一天
9,好吃
10,沙雕
11,横祸
12,金秋十月·美食分享记
13,早餐
14,美食
15,美食制作
16,美食制作
17,馒头
18,方便面
19,泡面
20,美食
21,美食制作
22,面食
23,泡面馒头
24,密码的馒头
25,西红柿鸡蛋方便面
26,花样馒头
27,金秋十月·美食分享记
28,我的秋日食愈美食
29,零食
30,美食
31,美食制作
32,佛山电翰
33,金秋十月·美食分享记
34,美食制作
35,结婚
36,小宇菇菇
37,非遗
38,芝麻
39,黄豆
40,徽州
41,备婚
42,嵌字豆糖
43,美食
44,美食制作
45,美食教程
46,葱油手撕鸡
47,葱油鸡
48,鸡腿
49,金秋十月·美食分享记
50,美食
51,美食
52,美食制作
53,懒人食谱
54,白菜豆腐煲
55,做饭糊弄学
56,做饭
57,加油
58,00后
59,e人i人的度假方式
60,美食制作
61,美食教程
62,美食制作
63,街头小吃
64,土豆教
65,路边摊
66,美食日常
67,土豆丝饼
68,四季美食·秋收九月·美食团圆会
69,甜品
70,美食
71,美食
72,美食制作
73,美食圈
74,巧克力
75,美食教程
76,宝可梦
77,美食制作
78,平行世界
79,青提
80,美食
81,美食制作
82,美食教程
83,美食制作
84,美食推荐
85,特色小吃
86,吃席
87,美食推荐官
88,四季美食·秋收九月·美食团圆会
89,金秋十月·美食分享记
90,美食
91,美食制作
92,美术生
93,证明
94,应该
95,美食
96,美食制作
97,美食教程
98,芋圆
99,冰沙
100,Vlog
101,我的秋日食愈美食
102,美食
103,美食制作
104,劲舞团
105,怀旧零食
106,金秋十月·美食分享记
107,小吃
108,厨艺
109,家常菜
110,吃货
111,美食
112,美食
113,美食制作
114,美食教程
115,美食制作
116,金秋十月·美食分享记
117,美食
118,美食
119,美食制作
120,可乐
121,冰可乐
122,美食实验
123,正确喝法
124,e人i人的度假方式
125,牛肉
126,烹饪
127,助眠
128,吃货
129,美食
130,美食制作
131,过程
132,咀嚼音
133,沉浸式
134,拒绝浪费
135,四季美食·秋收九月·美食团圆会
136,金秋十月·美食分享记
137,饥荒
138,古典音乐
139,吃货
140,历史
141,搞笑
142,美食
143,美食制作
144,游戏
145,美食制作
146,苏格兰
147,Vlog
148,e人i人的度假方式
149,翻滚吧，美食假期
150,蛋挞
151,甜点
152,烘焙
153,美食
154,美食
155,美食制作
156,美食vlog
157,美食教程
158,美食制作
159,美食日常
160,Vlog
161,e人i人的度假方式
162,美食
163,美食制作
164,美食制作
165,Vlog
166,e人i人的度假方式
167,必剪创作
168,美食
169,美食制作
170,西红柿炒鸡蛋
171,生活万花筒7.0 搭上生活这辆慢车
172,鸡胸肉
173,美食
174,美食制作
175,美食教程
176,一镜
177,厨师
178,分享
179,厨师长
180,小吃
181,厨艺
182,美食
183,美食
184,美食制作
185,美食教程
186,美食制作
187,美食
188,美食制作
189,油炸糕
190,炸糖糕
191,金秋十月·美食分享记
192,美食
193,美食制作
194,实用
195,妙招
196,金秋十月·美食分享记
197,馒头
198,零食
199,美食
200,美食制作
201,面食
202,瓜子馒头
203,密码的馒头
204,瓜子
205,花样馒头
206,金秋十月·美食分享记
207,搞笑
208,美食
209,美食制作
210,美食制作
211,线面
212,Vlog
213,手机
214,搞笑
215,美食
216,美食制作
217,苹果
218,华为
219,无厘头
220,诺基亚
221,显眼包
222,沙雕
223,甜点
224,美食
225,美食
226,美食制作
227,美食教程
228,宝可梦
229,提拉米苏
230,美食制作
231,美食圈
232,野餐
233,平行世界
234,今日份美食打卡
235,美食
236,美食制作
237,生活记录
238,怀旧零食
239,生活万花筒7.0 搭上生活这辆慢车
240,美食
241,美食制作
242,美食教程
243,小菜
244,下饭菜
245,美食做饭
246,零食
247,海鲜
248,美食
249,美食
250,美食制作
251,海鲜干
252,蛤蜊
253,蚬子
254,干货
255,黄蚬子
256,蚬子干
257,金秋十月·美食分享记
258,俄罗斯
259,美食
260,美食制作
261,美食vlog
262,美食制作
263,战斗民族
264,蛋糕
265,甜品
266,美食
267,美食制作
268,美食制作
269,巧克力
270,米糕
271,抹茶
272,好利来
273,生巧
274,冰山熔岩
275,金秋十月·美食分享记
276,我的秋日食愈美食
277,美食
278,美食制作
279,生活记录
280,怀旧零食
281,金秋十月·美食分享记
282,金秋十月·美食分享记
283,美食
284,美食制作
285,韭菜盒子
286,烙饼
287,韭菜饼
288,菜盒子
289,韭菜盒子做法
290,菜盒
291,韭菜饼子
292,今日份美食打卡
293,美食
294,美食制作
295,8090后
296,怀旧零食
297,生活万花筒7.0 搭上生活这辆慢车
298,蛋糕
299,甜品
300,烘焙
301,美食
302,美食制作
303,裱花
304,美食教程
305,日常
306,创意
307,技能
308,课堂
309,金秋十月·美食分享记
310,土豆
311,家常菜
312,美食
313,美食制作
314,美食vlog
315,美食制作
316,美食教程
317,美味
318,薯饼
319,美食日常
320,Vlog
321,咖啡
322,美食
323,美食制作
324,饮品
325,挑战
326,瀑布
327,Vlog
328,冰美式
329,生活万花筒7.0 搭上生活这辆慢车
330,水果
331,吃货
332,美食
333,搞笑
334,美食
335,美食制作
336,美食圈
337,美食视频
338,南方
339,女婿
340,老丈人
341,金秋十月·美食分享记
342,烹饪
343,助眠
344,吃货
345,美食
346,美食制作
347,咀嚼音
348,过程
349,猪肘子
350,沉浸式
351,拒绝浪费
352,e人i人的度假方式
353,西瓜
354,试吃
355,吃货
356,美食
357,搞笑
358,美食
359,美食制作
360,生活记录
361,生活
362,沙雕
363,猪油
364,生活万花筒7.0 搭上生活这辆慢车
365,今日份美食打卡
366,美食
367,美食制作
368,山楂
369,老北京美食
370,生活万花筒7.0 搭上生活这辆慢车
371,烹饪
372,厨艺
373,家常菜
374,美食
375,美食
376,美食制作
377,美食教程
378,家常
379,厨师
380,鲜美
381,葱烧豆腐
382,金秋十月·美食分享记
383,家常菜
384,美食
385,美食制作
386,野生菌
387,鸡枞油
388,野生鸡枞
389,云南美食
390,鸡枞
391,乡村美食
392,农村美食
393,捡菌子
394,金秋十月·美食分享记
395,家常菜
396,美食
397,美食
398,美食制作
399,做饭糊弄学
400,吃饭糊弄学
401,紫菜虾滑卷
402,社畜
403,胡辣汤
404,金秋十月·美食分享记
405,调酒
406,哈利波特
407,美食
408,美食制作
409,美食
410,美食制作
411,红烧牛肉
412,太好吃了
413,Vlog
414,预制菜
415,美食制作
416,需要
417,知道
418,Vlog
419,厨艺
420,美食
421,美食制作
422,狮子头
423,美食教学
424,清炖狮子头
425,厨师长
426,金秋十月·美食分享记
427,农村
428,vlog
429,美食
430,搞笑
431,美食
432,美食侦探
433,新疆
434,生活
435,热乎
436,羊肉
437,抓饭
438,金秋十月·美食分享记
439,光盘行动
440,面条
441,美食
442,美食
443,美食侦探
444,测评
445,生活记录
446,福建线面
447,打假
448,线面
449,街头美食
450,美食
451,美食侦探
452,顶配
453,猪脚
454,豪华
455,猪脚饭
456,路边摊美食
457,上海
458,美食
459,美食侦探
460,自助餐
461,洗浴
462,金秋十月·美食分享记
463,街头美食
464,探店
465,美食
466,美食侦探
467,美食vlog
468,街头小吃
469,粥饼伦
470,金秋十月·美食分享记
471,美食侦探
472,美食
473,美食
474,美食侦探
475,美食vlog
476,美食探店
477,川菜
478,探店
479,美食
480,美食侦探
481,四川
482,成都
483,Vlog
484,中国boy
485,自贡菜
486,烤匠
487,吃货
488,美食
489,美食侦探
490,辣椒
491,好久
492,震惊
493,看到
494,好吃
495,瓜子
496,一整天
497,Vlog
498,探店
499,美食
500,美食
501,美食侦探
502,美食探店
503,美食
504,美食侦探
505,一个
506,广州长隆
507,新增
508,金秋十月·美食分享记
509,火锅
510,美食
511,美食
512,美食侦探
513,防空洞火锅
514,重庆火锅
515,外国人在中国
516,伊拉克人
517,探店
518,美食
519,美食
520,美食侦探
521,美食探店
522,生活万花筒7.0 搭上生活这辆慢车
523,美食
524,美食
525,美食侦探
526,美食制作
527,美食教程
528,面试
529,种草
530,探店
531,美食
532,美食侦探
533,香港
534,觉得
535,故事
536,新能源
537,划算
538,面试现场
539,上海
540,美食
541,美食侦探
542,生煎
543,美食探店
544,印度美食
545,汉堡
546,街头美食
547,美食侦探
548,美食
549,美食
550,美食侦探
551,印度料理
552,芝士
553,印度小吃
554,世界美食official
555,早餐
556,美食
557,美食侦探
558,街头小吃
559,东北早市
560,油条
561,菜市场
562,肉饼
563,路边摊
564,特色美食
565,实惠
566,探店
567,美国
568,美食
569,美食
570,美食侦探
571,洛杉矶
572,日本旅游
573,探店
574,日本
575,美食
576,美食侦探
577,日本美食
578,近铁百货
579,大阪
580,海外
581,天王寺
582,Vlog
583,e人i人的度假方式
584,探店
585,美食
586,美食侦探
587,揭阳
588,翻滚吧，美食假期
589,包子
590,探店
591,必剪创作
592,美食
593,美食侦探
594,东北
595,街头小吃
596,科比
597,曼巴
598,老大
599,鲅鱼圈
600,e人i人的度假方式
601,火锅
602,美食
603,美食
604,美食侦探
605,姐妹
606,东北
607,生活记录
608,干饭
609,酸菜
610,东北菜
611,天冷
612,烧烤
613,美食侦探
614,美食
615,美食
616,美食侦探
617,菲律宾美食
618,伊拉克人
619,生活万花筒7.0 搭上生活这辆慢车
620,早餐
621,探店
622,美食
623,美食侦探
624,美食vlog
625,王师傅和小毛毛
626,非遗
627,老字号
628,本帮菜
629,生煎
630,碳水
631,金秋十月·美食分享记
632,美食
633,美食侦探
634,猪肘饭
635,西安美食
636,牛杂汤
637,米皮
638,菜卷
639,美食
640,搞笑
641,美食
642,美食侦探
643,东北
644,姐妹
645,生活记录
646,干饭
647,东北菜
648,东北铁锅炖
649,贴饼子
650,e人i人的度假方式
651,街头美食
652,美食
653,美食侦探
654,VLOG
655,东北
656,东北菜
657,黑龙江
658,传统美食
659,美食探店
660,早市
661,伊春
662,烤串
663,烧烤
664,探店
665,美食
666,美食侦探
667,印度美食
668,街头美食
669,美食侦探
670,美食
671,美食
672,美食侦探
673,印度小吃
674,世界美食official
675,薯条
676,炸蛋
677,印度旅游
678,美食
679,美食侦探
680,饮食
681,严格
682,探店
683,必剪创作
684,美食
685,美食侦探
686,东北
687,自助餐
688,生活
689,米村拌饭
690,毛毛
691,拌饭
692,沈阳
693,烧烤
694,美食
695,搞笑
696,美食
697,美食侦探
698,姐妹
699,东北
700,生活记录
701,干饭
702,特色
703,延边
704,e人i人的度假方式
705,黑暗料理
706,美食
707,美食侦探
708,西安美食
709,油泼辣子
710,特色小吃
711,腊牛肉
712,吃货
713,美食
714,美食侦探
715,自助餐
716,东北
717,东北洗浴
718,沈阳
719,Vlog
720,洗浴
721,科幻
722,必剪创作
723,美食
724,美食侦探
725,美食制作
726,女仆
727,爱丽丝
728,夫妻
729,Vlog
730,e人i人的度假方式
731,探店
732,美食
733,美食侦探
734,云南美食
735,米粉
736,小店
737,米线
738,路边摊
739,云南米线
740,碳水
741,e人i人的度假方式
742,探店
743,美食
744,美食
745,美食侦探
746,美食探店
747,探店
748,美食
749,美食
750,美食侦探
751,美食探店
752,探店
753,美食
754,美食侦探
755,街边小吃
756,东北
757,小摊
758,炸串
759,美食
760,美食侦探
761,上海美食
762,面馆
763,美食探店
764,炒饭
765,街头美食
766,美食
767,美食侦探
768,街头小吃
769,夜市美食
770,夜市小吃
771,美食侦探
772,美食
773,美食
774,美食侦探
775,外国人在中国
776,重庆美食
777,重庆江湖菜
778,江湖菜
779,凉拌牛肉
780,e人i人的度假方式
781,金秋十月·美食分享记
782,猪肉
783,火锅
784,街头美食
785,探店
786,美食
787,美食侦探
788,生活记录
789,云南
790,地摊
791,贵州
792,Vlog
793,金秋十月·美食分享记
794,海鲜
795,美食
796,美食侦探
797,美食圈
798,成都美食
799,串串香
800,美食探店
801,密子君
802,火锅串串
803,探店vlog
804,吃货生活
805,探店
806,美食
807,美食侦探
808,大排档
809,生活万花筒7.0 搭上生活这辆慢车
810,印度美食
811,街头美食
812,美食侦探
813,美食
814,美食
815,美食侦探
816,印度料理
817,印度小吃
818,世界美食official
819,传统美食
820,羊肉煲
821,街头美食
822,探店
823,必剪创作
824,美食
825,美食侦探
826,婚宴
827,徐州
828,烤鱼
829,必剪创作
830,美食
831,美食侦探
832,美食制作
833,云南美食
834,Vlog
835,香茅草
836,版纳美食
837,烹饪
838,厨艺
839,美食
840,美食侦探
841,美食制作
842,厨师
843,超级
844,中餐厅
845,翻滚吧，美食假期
846,街头美食
847,探店
848,美食
849,美食侦探
850,青龙老豆腐
851,血肠
852,美食探店
853,Vlog
854,探店vlog
855,吃货生活
856,青龙县
857,e人i人的度假方式
858,零食
859,小吃
860,吃货
861,美食
862,美食测评
863,糖果
864,小卖部零食
865,打包糖果
866,打包零食
867,打包
868,童年零食
869,美食
870,美食测评
871,美食教程
872,美食测评
873,情侣日常
874,Vlog
875,柠檬百香果蜜
876,生活万花筒7.0 搭上生活这辆慢车
877,试吃
878,美食
879,美食测评
880,巨大火腿肠
881,巨大泡面
882,康师傅冰红茶牛肉面
883,美食测评
884,鸵鸟蛋
885,搞笑
886,美食
887,美食测评
888,奇葩
889,作死
890,幽默
891,牛鞭
892,下三路
893,敬汉卿
894,鞭
895,鹿鞭
896,螃蟹
897,海鲜
898,4K
899,美食
900,美食测评
901,猎奇
902,美食制作
903,大闸蟹
904,美食测评
905,花雕熟醉蟹
906,大闸蟹的做法
907,方便面
908,美食
909,美食测评
910,富贵
911,粉面菜蛋
912,夜宵
913,试吃
914,吃货
915,美食
916,美食
917,美食测评
918,美食圈
919,外卖
920,差评
921,零食
922,美食
923,美食测评
924,测评
925,速食
926,试吃
927,美食
928,美食
929,美食测评
930,测评
931,对比
932,分享
933,大闸蟹
934,阳澄湖
935,盲品
936,美食
937,美食
938,美食测评
939,湖南
940,手工制作
941,美味
942,好吃
943,传统美食
944,武昌鱼
945,鳊鱼
946,酱板鱼
947,萝卜
948,零食
949,试吃
950,开箱
951,美食
952,美食测评
953,回忆
954,糖果
955,童年
956,解压
957,美食测评
958,试吃
959,美食
960,美食
961,美食测评
962,生活记录
963,虫子
964,东北美食
965,奇葩美食
966,美食测评
967,虫宴
968,e人i人的度假方式
969,试吃
970,4K
971,吃货
972,开箱
973,美食
974,搞笑
975,美食
976,美食测评
977,日常
978,生活
979,特产
980,生活万花筒7.0 搭上生活这辆慢车
981,今日份美食打卡
982,汉堡
983,炸鸡
984,美食
985,美食测评
986,KFC
987,肯德基
988,麦当劳
989,快餐
990,麦当劳新品
991,金拱门
992,生活万花筒7.0 搭上生活这辆慢车
993,美食
994,美食测评
995,美食教程
996,技巧
997,石榴吃法
998,石榴冰茶
999,做法
1000,石榴
1001,懒人
1002,自制饮料
1003,e人i人的度假方式
1004,试吃
1005,搞笑
1006,美食
1007,美食测评
1008,生活
1009,小伙
1010,试吃
1011,美食
1012,搞笑
1013,美食
1014,美食测评
1015,生活
1016,小伙
1017,牛肉酱
1018,蛋黄
1019,沙雕
1020,美食测评
1021,e人i人的度假方式
1022,奶茶
1023,饮料
1024,美食
1025,美食测评
1026,精选
1027,减脂好物
1028,饮品
1029,健康饮食
1030,美食测评
1031,冲泡
1032,秋冬必备
1033,吃货
1034,美食
1035,搞笑
1036,美食
1037,美食测评
1038,幽默
1039,翻滚吧，美食假期
1040,试吃
1041,开箱
1042,美食
1043,翻滚吧，美食假期
1044,美食
1045,美食测评
1046,好东西
1047,食材
1048,五黑
1049,黑芝麻
1050,黑枸杞
1051,桑葚
1052,e人i人的度假方式
1053,美食
1054,美食测评
1055,米饭
1056,拌面
1057,试吃
1058,吃货
1059,美食
1060,搞笑
1061,美食
1062,美食测评
1063,日常
1064,沙雕
1065,蟹黄
1066,美食测评
1067,e人i人的度假方式
1068,美食测评
1069,看我百变
1070,探店
1071,吃货
1072,必剪创作
1073,美食
1074,美食测评
1075,台湾
1076,台中
1077,肉圆
1078,烤玉米
1079,大甲
1080,Vlog
1081,e人i人的度假方式
1082,零食
1083,试吃
1084,美食
1085,美食测评
1086,美食测评
1087,肉类零食
1088,烧烤
1089,试吃
1090,小吃
1091,开箱
1092,美食
1093,美食
1094,美食测评
1095,评测
1096,烤肉
1097,韩式烤肉
1098,Vlog
1099,e人i人的度假方式
1100,美食测评
1101,预制菜测评
1102,牛肉面
1103,李先生
1104,奶茶
1105,咖啡
1106,美食
1107,美食测评
1108,新品
1109,美食测评
1110,饮料测评
1111,秋天第一杯奶茶
1112,e人i人的度假方式
1113,美食测评
1114,开老酒
1115,开瓶
1116,吃货
1117,美食
1118,美食测评
1119,软糯香甜
1120,美食
1121,美食测评
1122,特产
1123,广西
1124,美食测评
1125,测评
1126,曝光
1127,美食测评
1128,零食
1129,美食
1130,美食测评
1131,奇葩
1132,麻酱鸡蛋
1133,螺蛳粉月饼
1134,零食混搭
1135,梅干菜
1136,薯片
1137,美食测评
1138,零食测评
1139,e人i人的度假方式
1140,美食
1141,美食测评
1142,开锅
1143,美食
1144,美食测评
1145,生活
1146,生活记录
1147,真实
1148,真实生活
1149,Vlog
1150,DIY
1151,美食
1152,搞笑
1153,美食
1154,美食测评
1155,生活记录
1156,糖果
1157,喜糖
1158,Vlog
1159,翻滚吧，美食假期
1160,试吃
1161,小吃
1162,开箱
1163,美食
1164,美食
1165,美食测评
1166,烤肉
1167,评测
1168,猪排
1169,空气炸锅美食
1170,美食测评
1171,e人i人的度假方式
1172,探店
1173,吃货
1174,美食
1175,美食
1176,美食测评
1177,美食圈
1178,自助餐
1179,旺旺
1180,大胖和软软
1181,试吃
1182,种草
1183,开箱
1184,美食
1185,美食测评
1186,美食测评
1187,特产
1188,潮汕
1189,Vlog
1190,金秋十月·美食分享记
1191,咒术回战
1192,美食测评
1193,断水
1194,菜刀
1195,Vlog
1196,方便面
1197,试吃
1198,美食
1199,美食测评
1200,小时候吃零食
1201,美食测评
1202,好东西
1203,特产
1204,矿泉水
1205,番茄酱
1206,汉堡
1207,夜宵
1208,炸鸡
1209,泡面
1210,吃货
1211,美食测评
1212,一波品酒
1213,一波说酒
1214,茅80
1215,一波辉月
1216,酒文化
1217,辉月
1218,白酒
1219,一波
1220,美食
1221,搞笑
1222,美食
1223,美食测评
1224,糖果
1225,生活记录
1226,开除
1227,猎杀
1228,Vlog
1229,火锅
1230,必剪创作
1231,美食
1232,美食测评
1233,爆火麻椒鸡块
1234,疯狂
1235,肯德基
1236,鸡块
1237,星期四
1238,kfc
1239,肯德基新品
1240,疯狂星期四
1241,黑暗料理
1242,试吃
1243,吃货
1244,开箱
1245,美食
1246,美食
1247,美食测评
1248,美食圈
1249,测评
1250,品尝
1251,美食测评
1252,e人i人的度假方式
1253,搞笑
1254,美食
1255,田园美食
1256,漠叔
1257,海南
1258,乡村
1259,乡村美食
1260,科普
1261,美食
1262,田园美食
1263,魔芋
1264,魔芋爽
1265,街头美食
1266,探店
1267,美食
1268,田园美食
1269,浙师大美食
1270,灌汤包
1271,金华美食
1272,e人i人的度假方式
1273,赶海
1274,海鲜
1275,农村
1276,美食
1277,美食
1278,田园美食
1279,斯里兰卡
1280,罗氏虾
1281,捕鱼
1282,钓虾
1283,田园美食
1284,e人i人的度假方式
1285,美食
1286,田园美食
1287,白桦树
1288,树汁
1289,美食
1290,田园美食
1291,火腿
1292,三农
1293,乡村美食
1294,美食
1295,田园美食
1296,小时候
1297,奶奶
1298,记忆中的味道
1299,芝麻盐
1300,e人i人的度假方式
1301,田园美食
1302,芡实
1303,我的秋日食愈美食
1304,土豆丝
1305,麻婆豆腐
1306,家常菜
1307,美食
1308,美食
1309,田园美食
1310,鸭子
1311,肉丸子
1312,苦瓜烧鸭
1313,金秋十月·美食分享记
1314,美食
1315,田园美食
1316,薯片
1317,美食
1318,田园美食
1319,乡村氛围
1320,韭菜碾辣椒
1321,田园
1322,乡村
1323,鸡
1324,三农
1325,吃鱼
1326,乡村美食
1327,金秋十月·美食分享记
1328,美食
1329,美食
1330,田园美食
1331,生活
1332,爱情
1333,乡村
1334,螃蟹
1335,农村
1336,美食
1337,美食
1338,田园美食
1339,聚会
1340,大闸蟹
1341,乡村
1342,聚餐
1343,清蒸大闸蟹
1344,香辣大闸蟹
1345,厨艺
1346,吃货
1347,美食
1348,田园美食
1349,吃播
1350,酱牛肉
1351,垛子牛肉
1352,吃肉
1353,做法
1354,乡村美食
1355,烹饪技巧
1356,美食
1357,田园美食
1358,鱼
1359,美食
1360,田园美食
1361,三农
1362,榴莲
1363,乡村
1364,户外美食
1365,农村
1366,厨艺
1367,吃货
1368,美食
1369,田园美食
1370,吃播
1371,做法
1372,美味
1373,乡村美食
1374,烹饪技巧
1375,羊肉卷
1376,田园美食
1377,美食制作
1378,美食教程
1379,Vlog
1380,必剪创作
1381,美食
1382,田园美食
1383,菜藕
1384,乡村
1385,莲藕
1386,农业科技
1387,农机
1388,现代农业
1389,美食
1390,田园美食
1391,三农
1392,火腿
1393,特色美食
1394,乡村美食
1395,美食
1396,田园美食
1397,花生
1398,花生米
1399,黎明
1400,美食
1401,田园美食
1402,小时候
1403,有关
1404,美食
1405,美食
1406,田园美食
1407,三农
1408,胖妹
1409,乡村生活
1410,水果
1411,美食
1412,田园美食
1413,橘子
1414,果农
1415,金秋十月·美食分享记
1416,奶茶
1417,美食
1418,田园美食
1419,早茶
1420,羊肉
1421,草原
1422,Vlog
1423,美食
1424,田园美食
1425,三农
1426,火腿
1427,特色美食
1428,乡村美食
1429,金秋十月·美食分享记
1430,农村
1431,必剪创作
1432,美食
1433,田园美食
1434,体验
1435,乡村
1436,朋友
1437,金秋十月·美食分享记
1438,农村
1439,必剪创作
1440,美食
1441,田园美食
1442,体验
1443,乡村
1444,朋友
1445,金秋十月·美食分享记
1446,异灵术
1447,农村
1448,美食
1449,田园美食
1450,美食vlog
1451,江南
1452,戴佳伟
1453,鸡
1454,农家乐
1455,菱
1456,田园美食
1457,海鲜
1458,美食
1459,美食
1460,田园美食
1461,大闸蟹
1462,乡村美食
1463,农村美食
1464,金秋十月·美食分享记
1465,蒜蓉小龙虾
1466,小龙虾
1467,美食
1468,田园美食
1469,食玩
1470,烧烤小龙虾
1471,户外美食
1472,抓龙虾
1473,美食
1474,田园美食
1475,乡村
1476,野果
1477,八月瓜
1478,生活万花筒7.0 搭上生活这辆慢车
1479,美食
1480,美食
1481,田园美食
1482,魔芋
1483,魔芋爽
1484,美食
1485,田园美食
1486,海鲜
1487,美食
1488,美食
1489,田园美食
1490,乡村美食
1491,农村美食
1492,牛腿
1493,搞笑
1494,必剪创作
1495,美食
1496,田园美食
1497,乡村
1498,嘴巴
1499,感觉
1500,套餐
1501,火锅底料
1502,Vlog
1503,土味
1504,美食
1505,美食
1506,田园美食
1507,南瓜
1508,乡村
1509,南瓜籽
1510,奶茶
1511,水果
1512,美食
1513,美食
1514,田园美食
1515,果农
1516,田园
1517,流口水
1518,下去
1519,果冻橙
1520,美食
1521,田园美食
1522,食玩
1523,喜羊羊与灰太狼
1524,薯条
1525,户外美食
1526,石板烧烤
1527,牛排
1528,美食
1529,田园美食
1530,大自然
1531,早茶
1532,大自然的馈赠
1533,美味
1534,草原
1535,Vlog
1536,分享美食
1537,草原美食
1538,e人i人的度假方式
1539,美食
1540,美食
1541,田园美食
1542,蛏怪
1543,泥蛏
1544,闽菜
1545,乡村美食
1546,农村美食
1547,海鲜美食
1548,特色菜
1549,海鲜
1550,美食
1551,美食
1552,田园美食
1553,鳄鱼
1554,乡村美食
1555,农村美食
1556,美食
1557,田园美食
1558,越南美食
1559,户外美食
1560,东南亚风情
1561,金秋十月·美食分享记
1562,美食
1563,田园美食
1564,原创
1565,美食制作
1566,美食教程
1567,翻滚吧，美食假期
1568,印度
1569,美食
1570,必剪创作
1571,美食
1572,田园美食
1573,盛宴
1574,印尼
1575,放生
1576,户外美食
1577,Vlog
1578,e人i人的度假方式
1579,美食
1580,田园美食
1581,视频带货
1582,创业青年
1583,热门
1584,乡村
1585,返乡
1586,事情
1587,Vlog
1588,带货
1589,返乡创业
1590,吃货
1591,美食
1592,田园美食
1593,乡村
1594,今天
1595,Vlog
1596,金秋十月·美食分享记
1597,美食
1598,美食
1599,田园美食
1600,美食制作
1601,美食教程
1602,美食
1603,田园美食
1604,食玩
1605,糖果
1606,爆浆泡泡糖
1607,泡泡糖
1608,户外美食
1609,石板烧烤
1610,美食
1611,田园美食
1612,鱼
1613,今日份美食打卡
1614,美食
1615,美食记录
1616,脑洞
1617,美食教程
1618,阿文今天吃什么
1619,水煮水
1620,水
1621,多喝热水
1622,沙雕
1623,生活万花筒7.0 搭上生活这辆慢车
1624,街头美食
1625,探店
1626,美食
1627,美食记录
1628,人间烟火
1629,美食记录
1630,干饭三健客
1631,福建线面
1632,重庆小面
1633,治愈你的瞬间
1634,邓紫棋
1635,美食
1636,美食
1637,美食记录
1638,减肥
1639,搞笑
1640,美食
1641,美食记录
1642,魔术
1643,今天
1644,葡萄酒
1645,美食记录
1646,干饭三健客
1647,福建线面
1648,挑战
1649,线面
1650,街头美食
1651,探店
1652,美食
1653,美食记录
1654,现场
1655,日成烧腊
1656,审判
1657,蜜汁叉烧
1658,Vlog
1659,脆皮烧猪肉
1660,e人i人的度假方式
1661,吃货
1662,美食
1663,美食
1664,美食记录
1665,推荐
1666,生活记录
1667,吃播
1668,路边摊
1669,小吃街
1670,宵夜
1671,Vlog
1672,美食
1673,美食记录
1674,糖果
1675,满满一大罐
1676,零食推荐
1677,果汁软糖
1678,打包视频
1679,e人i人的度假方式
1680,美食记录
1681,快乐
1682,广西
1683,广西人
1684,厨艺
1685,家常菜
1686,美食
1687,美食记录
1688,美食教程
1689,生活记录
1690,美食制作
1691,师傅
1692,Vlog
1693,美食
1694,美食记录
1695,第一次
1696,生活记录
1697,感叹
1698,美食
1699,美食记录
1700,美食vlog
1701,东北早市
1702,东北美食
1703,沈阳
1704,文化输出
1705,夜市美食
1706,东北铁锅炖
1707,老外吃中餐
1708,外国人吃中国美食
1709,金秋十月·美食分享记
1710,美食
1711,美食记录
1712,羊肉
1713,网购
1714,Vlog
1715,海鲜
1716,美食
1717,美食记录
1718,生活
1719,美食记录
1720,婚宴
1721,地方特色美食
1722,乡村美食
1723,村宴
1724,海鲜大咖
1725,蒜蓉酱
1726,生活万花筒7.0 搭上生活这辆慢车
1727,美食
1728,美食记录
1729,烤丸子
1730,校门口美食
1731,金秋十月·美食分享记
1732,秋季新番创作大作战
1733,街头美食
1734,家常菜
1735,美食
1736,美食记录
1737,美食记录
1738,美食
1739,美食记录
1740,今日份美食打卡
1741,厨艺
1742,探店
1743,美食
1744,搞笑
1745,美食
1746,美食记录
1747,体验
1748,室友
1749,做饭
1750,Vlog
1751,生活万花筒7.0 搭上生活这辆慢车
1752,美食
1753,美食
1754,美食记录
1755,草料哥
1756,食堂
1757,餐厅
1758,Vlog
1759,炸鸡腿
1760,泡面
1761,美食
1762,美食记录
1763,自制
1764,Vlog
1765,e人i人的度假方式
1766,美食
1767,美食记录
1768,炸串
1769,Vlog
1770,美食
1771,美食
1772,美食记录
1773,草料哥
1774,食堂
1775,Vlog
1776,饺子
1777,探店
1778,吃货
1779,美食
1780,美食记录
1781,吃播
1782,干饭
1783,美味
1784,Vlog
1785,创作灵感
1786,南北方人
1787,美食记录
1788,深夜偷吃
1789,家里开超市
1790,Vlog
1791,鸡蛋
1792,搞笑
1793,美食
1794,美食记录
1795,魔性
1796,奇葩
1797,逗比
1798,美食
1799,美食记录
1800,干饭三健客
1801,挑战
1802,线面
1803,秋季新番创作大作战
1804,寿司
1805,炸鸡
1806,虾
1807,吃货
1808,美食
1809,必剪创作
1810,美食
1811,美食记录
1812,打卡
1813,大闸蟹
1814,胖东来
1815,美食
1816,美食
1817,美食记录
1818,油画
1819,换物
1820,夜宵
1821,方便面
1822,美食
1823,美食记录
1824,美食制作
1825,Vlog
1826,美食
1827,美食
1828,美食记录
1829,西班牙
1830,馋哭老外
1831,川味
1832,海外生活
1833,金秋十月·美食分享记
1834,美食记录
1835,生活记录
1836,一会
1837,Vlog
1838,发现地方好味道
1839,财经
1840,美食
1841,搞笑
1842,美食
1843,美食记录
1844,生活
1845,中餐
1846,新疆
1847,外卖
1848,料理包
1849,预制菜
1850,金秋十月·美食分享记
1851,美食
1852,美食
1853,美食记录
1854,草料哥
1855,食堂
1856,韩国留学
1857,Vlog
1858,翻滚吧，美食假期
1859,厨艺
1860,美食
1861,搞笑
1862,美食
1863,美食记录
1864,体验
1865,室友
1866,做饭
1867,Vlog
1868,e人i人的度假方式
1869,翻滚吧，美食假期
1870,红烧肉
1871,美食
1872,美食记录
1873,假吃
1874,e人i人的度假方式
1875,探店
1876,美食
1877,美食
1878,美食记录
1879,Vlog
1880,可乐鸡翅
1881,厨艺
1882,家常菜
1883,美食
1884,美食记录
1885,美食制作
1886,大学生
1887,徒弟
1888,师傅
1889,Vlog
1890,e人i人的度假方式
1891,美食
1892,美食记录
1893,联想
1894,拯救者
1895,女大学生
1896,记录
1897,精神状态
1898,探店
1899,美食
1900,美食记录
1901,炸串
1902,Vlog
1903,美食
1904,美食记录
1905,米饭
1906,Vlog
1907,泡面
1908,探店
1909,美食
1910,美食记录
1911,烤肉
1912,生活万花筒7.0 搭上生活这辆慢车
1913,厨艺
1914,家常菜
1915,美食
1916,美食记录
1917,第一次
1918,美食制作
1919,师傅
1920,山西
1921,大学生
1922,Vlog
1923,探店
1924,美食
1925,美食记录
1926,生活记录
1927,Vlog
1928,e人i人的度假方式
1929,美食记录
1930,自助餐
1931,食堂
1932,Vlog
1933,金秋十月·美食分享记
1934,家常菜
1935,美食
1936,美食记录
1937,末日
1938,废土
1939,食谱
1940,大鹅
1941,Vlog
1942,铁锅炖大鹅
1943,末日废土
1944,末日美食
1945,翻滚吧，美食假期
1946,拌面
1947,美食
1948,美食记录
1949,新疆
1950,美食推荐
1951,特色美食
1952,户外美食
1953,独库公路
1954,新疆旅游
1955,Vlog
1956,本地美食
1957,e人i人的度假方式
1958,金秋十月·美食分享记
1959,美食
1960,美食
1961,美食记录
1962,美食
1963,美食记录
1964,面食
1965,Vlog
1966,翻滚吧，美食假期
1967,探店
1968,美食
1969,美食记录
1970,生活记录
1971,Vlog
1972,e人i人的度假方式
