栏目,视频标题,视频链接
美食制作,帅小伙花一天时间烤一块肉，能有多好吃？,https://www.bilibili.com/video/BV1Ww411y7wW/
美食制作,早起给男朋友准备的早餐，我真棒！,https://www.bilibili.com/video/BV1Ty4y1N7ei/
美食制作,【密码的馒头】我一个人吃泡面～康帅傅方便面,https://www.bilibili.com/video/BV1Hw411r74k/
美食制作,佛山电翰小卖部分翰！,https://www.bilibili.com/video/BV15w411c78F/
美食制作,为结婚准备的99件小事，第一件：嵌字豆糖！,https://www.bilibili.com/video/BV14C4y157W3/
美食制作,鸡腿最好吃的做法 鲜香滑嫩 葱香四溢,https://www.bilibili.com/video/BV1D34y1u7yr/
美食制作,00后下班不洗碗做饭！今天吃暖呼呼的白菜豆腐煲,https://www.bilibili.com/video/BV1Z8411k7CU/
美食制作,欢迎加入我们土豆教,https://www.bilibili.com/video/BV16C4y157LL/
美食制作,宝石青提蛋糕，“斥巨资”做出来的。,https://www.bilibili.com/video/BV1g84y1U7em/
美食制作,所以，你们那吃席都吃什么菜？,https://www.bilibili.com/video/BV1iC4y1d7BN/
美食制作,我确实不是美术生，这应该能证明,https://www.bilibili.com/video/BV19u4y1W7M2/
美食制作,秋天没人会拒绝这样一碗冰沙芋圆吧！,https://www.bilibili.com/video/BV12m4y1u7dT/
美食制作,游戏随便玩，劲舞团坚决不行！,https://www.bilibili.com/video/BV1cu4y1s7ko/
美食制作,家庭版新疆羊肉抓饭！电饭煲就可以完成，至少三碗起步~,https://www.bilibili.com/video/BV1r34y1u7Uc/
美食制作,如何正确做好一杯《冰可乐》 #冰可乐 #美食实验室 #热门,https://www.bilibili.com/video/BV1Pw411Y7gc/
美食制作,【SERGEY谢尔盖】超大香肠牛肉汉堡震撼来袭！！烹饪过程＆咀嚼音助眠,https://www.bilibili.com/video/BV1cw411Y7Ld/
美食制作,苏格兰炸蛋,https://www.bilibili.com/video/BV1uh4y1r7Ms/
美食制作,小伙第一次做盘挞，没想到全军覆没！,https://www.bilibili.com/video/BV1kC4y1d7LP/
美食制作,一定要趁水不注意的时候搞！,https://www.bilibili.com/video/BV1zN411b71Y/
美食制作,西红柿炒鸡蛋,https://www.bilibili.com/video/BV17C4y157Et/
美食制作,厨师长一镜分享“炒鸡胸肉”的门门道道，收藏并学习起来,https://www.bilibili.com/video/BV1Wp4y1F74e/
美食制作,直播现场提问！喜提50只侯老师亲自做的醉蟹，慕了~,https://www.bilibili.com/video/BV18N411b7Eb/
美食制作,外脆里糯的炸糖糕 是儿时最甜蜜的记忆,https://www.bilibili.com/video/BV1f34y1376x/
美食制作,分享20个噗师傅的做饭小妙招（上）这也太太太实用了吧～,https://www.bilibili.com/video/BV1jw411A7xP/
美食制作,【密码的馒头】瓜子三下手~瓜子馒头,https://www.bilibili.com/video/BV1ou411K7Gq/
美食制作,线面!不愧是广东孩子的天敌!真的很可怕!,https://www.bilibili.com/video/BV1Nw41117V4/
美食制作,哈哈哈哈哈哈哈哈哈哈哈哈哈哈哈哈哈哈哈哈哈哈哈哈哈哈哈有猫饼,https://www.bilibili.com/video/BV1SC4y1d7vZ/
美食制作,不用烤箱，出摊级巨大提拉米苏配方大公开。,https://www.bilibili.com/video/BV1SG411m72N/
美食制作,像我这种体贴大方、动手能力强的男人，去哪儿找啊！,https://www.bilibili.com/video/BV1bu411M7Xm/
美食制作,隋卞一做 |建议收藏！超好吃的万能小菜方子！,https://www.bilibili.com/video/BV1ow411k7qt/
美食制作,他俩做的小零食一般人吃不起,https://www.bilibili.com/video/BV1Ku4y147XJ/
美食制作,俄 式 早 餐 4.0,https://www.bilibili.com/video/BV16j41147H9/
美食制作,好利来：新品就这样破解了？？？,https://www.bilibili.com/video/BV1bH4y1o7fR/
美食制作,兄弟决裂（十一）,https://www.bilibili.com/video/BV12C4y1d7ut/
美食制作,【小高姐】韭菜盒子,https://www.bilibili.com/video/BV1XC4y1R7jR/
美食制作,猪八戒吃人参果，不知滋味！,https://www.bilibili.com/video/BV12m4y1u75X/
美食制作,到底是为什么眼睛会了，手不会？,https://www.bilibili.com/video/BV1vz4y1F7yY/
美食制作,突发饿疾，土豆焖面+蒜香薯饼！我自愿加入破忒头教！🥔,https://www.bilibili.com/video/BV1N8411k7BE/
美食制作,挑战瀑布冰美式，所以算成功还是翻车呢！,https://www.bilibili.com/video/BV1cw411Y7dS/
美食制作,北方老丈人带南方女婿囤秋菜！,https://www.bilibili.com/video/BV1X84y117G9/
美食制作,【SERGEY谢尔盖】这次是猪肘子返场～快来看看吧！烹饪过程＆咀嚼音助眠,https://www.bilibili.com/video/BV1bu411K7p7/
美食制作,《猪油拌西瓜》,https://www.bilibili.com/video/BV17C4y1d7Ry/
美食制作,看看老一辈落魄贵族是如何吃山楂的,https://www.bilibili.com/video/BV1x84y127yS/
美食制作,葱烧豆腐入味好吃的小细节，三葱三入味，家常味道更鲜美,https://www.bilibili.com/video/BV1qC4y157jt/
美食制作,得尝一次，终身难忘——鸡枞油【滇西小哥】,https://www.bilibili.com/video/BV1Mw411A7cw/
美食制作,当我妈看我闹心不想给我做饭后,https://www.bilibili.com/video/BV19w411y7Mj/
美食制作,“听说喝完这杯黄油啤酒 就会魔法了哦”,https://www.bilibili.com/video/BV13p4y1F7Ee/
美食制作,做了一款红烧牛肉方便面，实在太好吃了，开袋就可以预制菜,https://www.bilibili.com/video/BV1fu4y1x76T/
美食制作,想把菜做的能吃，只需要知道步骤，但想做的比别人好吃就全靠细节了，分享“东北烤盘”酸菜烤五花肉的细节和酸菜如何分辨……,https://www.bilibili.com/video/BV1FG411m7q1/
美食制作,厨师长分享淮扬名菜：“清炖狮子头”，鲜香可口，肥而不腻,https://www.bilibili.com/video/BV1Qw411y7G9/
美食侦探,当我相信了新疆人的“简单吃一点”…,https://www.bilibili.com/video/BV1b94y187VN/
美食侦探,粉丝想看的800克八捆线面来啦！无限繁殖的线面多恐怖？吃完盆里一滴汤都不剩。一镜到底无剪辑,https://www.bilibili.com/video/BV1TH4y1o7i9/
美食侦探,超豪华顶配猪脚饭~来上一口太满足了！,https://www.bilibili.com/video/BV1kC4y1d74c/
美食侦探,今天体验上海洗浴自助餐文化，只干饭不洗浴,https://www.bilibili.com/video/BV1Tu4y147iE/
美食侦探,跨越千里寻找“粥饼伦”！他的饼真的好吃吗？,https://www.bilibili.com/video/BV1kC4y1V7RV/
美食侦探,当社牛遇到社交恐怖分子，直面98%E人的压迫感！,https://www.bilibili.com/video/BV1P8411k7Eg/
美食侦探,太辣了！挑战一整天都吃最辣的川菜，我的屁股…,https://www.bilibili.com/video/BV1oH4y1d7TL/
美食侦探,起猛了，看到辣椒拌瓜子了震惊我一整天，不过真的挺好吃的可以嘬好久！,https://www.bilibili.com/video/BV1TH4y1R7kh/
美食侦探,兰州.麻辣烫 厨子探店¥65.2,https://www.bilibili.com/video/BV1eu4y1x7UU/
美食侦探,2023广州长隆万圣节，中式恐怖回来了，是真的！新增港诡街，鬼新娘+神婆+打小人+纸人+包租婆等每几步一个NPC，10.8～11.5，喜欢港剧的TVB迷趁着快冲,https://www.bilibili.com/video/BV1bz4y1F7LT/
美食侦探,重庆必打卡的防空洞火锅，吃火锅更了解重庆，了解中国。钦佩于中国人民战胜阴霾的决心，还把现在的生活过得热气腾腾红红火火，和平安定来之不易，珍惜！,https://www.bilibili.com/video/BV1nu411M7xj/
美食侦探,特厨探店 |听说这是北京最牛的羊肉串？,https://www.bilibili.com/video/BV1X94y1b7DR/
美食侦探,优雅地打开一颗蛋,https://www.bilibili.com/video/BV1Ep4y1F7dr/
美食侦探,香港菲佣面试现场，揭秘姐姐的不为人知背后的故事，你们觉得划算吗？,https://www.bilibili.com/video/BV1zz4y1F74D/
美食侦探,无数人让老高尝的小杨生煎，这次终于吃上了,https://www.bilibili.com/video/BV1Qj41147mu/
美食侦探,最为纯粹的芝士大汉堡，除了芝士就是堡,https://www.bilibili.com/video/BV1sN411b7q7/
美食侦探,第一次来东北早市，真的太便宜了！,https://www.bilibili.com/video/BV1ph4y1z78g/
美食侦探,挑战20美金吃遍美国超市美食！,https://www.bilibili.com/video/BV1fH4y1d7NA/
美食侦探,😂日本宅男吃天价水果自助，真能吃回本？？,https://www.bilibili.com/video/BV14p4y1u7e9/
美食侦探,广东揭阳，开了20多年只要3块5的炸猪排，尝尝怎么样,https://www.bilibili.com/video/BV16u4y1W76S/
美食侦探,科比功夫包子！东北科密是真多，到处都是科比！,https://www.bilibili.com/video/BV1Np4y1F7iq/
美食侦探,和姐妹去吃东北特色酸菜火锅，一口肉一口酸菜，贴秋膘喽～,https://www.bilibili.com/video/BV1u84y1U7JD/
美食侦探,今天的视频老王不让我发，因为算是播出事故，但字幕君擅自做决定发了，想让大家看到更加真实的呀哈比比~,https://www.bilibili.com/video/BV1Y94y1b7MQ/
美食侦探,老字号非遗生煎，皮薄底脆，姚明一次吃掉24个！,https://www.bilibili.com/video/BV1kw411r75z/
美食侦探,40块钱的午餐吃了四家，米皮加蛋花汤，菜卷蘸油泼辣子，猪肘饭带汽水，再来一大碗牛杂汤热热乎乎喝个饱,https://www.bilibili.com/video/BV1vN411b7YT/
美食侦探,姐妹三人吃东北铁锅炖，鸡肉炖榛蘑再贴一圈饼子，主打满足自己！,https://www.bilibili.com/video/BV1Au4y1s7u6/
美食侦探,厦门人第一次来到东北早市，原来传言都是真的！,https://www.bilibili.com/video/BV1d34y137cF/
美食侦探,贵阳小胖烤串，一手可烤2000串,https://www.bilibili.com/video/BV1Vw411r7po/
美食侦探,霸气的宵夜老板，为鸡蛋精确制导,https://www.bilibili.com/video/BV1JN411b7dT/
美食侦探,饮食不严格的下场！,https://www.bilibili.com/video/BV1Mu4y1s7e5/
美食侦探,3元自助餐！米村拌饭3元海带 米饭 辣白菜 泡菜随便吃,https://www.bilibili.com/video/BV1LC4y1d7Kf/
美食侦探,姐妹三人吃延边特色烧烤，配上辛拉面、辣白菜炒饭，碳水配肉幸福拉满～,https://www.bilibili.com/video/BV1Sw411r7T5/
美食侦探,西安黑暗料理10元一碗，加点腊牛肉吃个豪华的，吃的时候口味不断变化，每一口味道都不一样,https://www.bilibili.com/video/BV1Zj411s7uW/
美食侦探,东北洗浴文化初体验！这里的美食简直太离谱！,https://www.bilibili.com/video/BV19C4y1V7Ua/
美食侦探,《撒娇女仆 :你还吃上烤乳猪了？》豆瓣:他们都叫你少爷,https://www.bilibili.com/video/BV1gj411t7cv/
美食侦探,接上篇—禁止两人吃一碗是个例，但也请个别人不要占便宜，这样的小店就应该多赚一点,https://www.bilibili.com/video/BV12C4y1d7Zw/
美食侦探,兰州.炒面片 厨子探店¥103,https://www.bilibili.com/video/BV1cH4y1o77H/
美食侦探,兰州.老唐的下午 厨子探店¥76,https://www.bilibili.com/video/BV148411k7Uw/
美食侦探,东北老嫂子炸串 辽宁 盘锦 一个街边小摊 20多岁的一个小伙子 心态非常好 很能吃苦,https://www.bilibili.com/video/BV1zN4y1y7Rn/
美食侦探,上海最贵的阳春面到底值不值这个价！,https://www.bilibili.com/video/BV1zu411M78v/
美食侦探,小孩哥：你知道这五年我是怎么过来的嘛！,https://www.bilibili.com/video/BV11H4y1d72w/
美食侦探,重庆江湖菜 大分量不骗人 凉拌红油牛肉 脆爽鸭肠 稀溜耙鸡脚 一嗦就没 魔鬼鸭头收尾 又是美好的一天 ！,https://www.bilibili.com/video/BV12w411k78b/
美食侦探,沉浸式吃贵州地摊火锅，现炒的锅底，现切的猪肉，真的好香呀～,https://www.bilibili.com/video/BV1WH4y1o7kJ/
美食侦探,1元海鲜火锅串串香，泰式酸辣碟+牛油火锅主打一个：开胃！,https://www.bilibili.com/video/BV1Cw411y7HJ/
美食侦探,大排档就得烟火气拉满才够味儿~,https://www.bilibili.com/video/BV1sz4y1F737/
美食侦探,千锤百炼，才能破茧成这碟什么玩意儿,https://www.bilibili.com/video/BV1BG411m7gS/
美食侦探,徐州1000一桌的婚宴大席,https://www.bilibili.com/video/BV1Ep4y1F7F6/
美食侦探,#版纳美食 #云南美食 #香茅草烤鱼 没有一条鱼能逃过被烤~~,https://www.bilibili.com/video/BV128411r7Zy/
美食侦探,超级快速的中餐厅,https://www.bilibili.com/video/BV1ph4y167aW/
美食侦探,15元一份菜顶一顿！份量惊呆了！吃不完根本吃不完！,https://www.bilibili.com/video/BV1Eu4y1s7bH/
美食测评,看多了“软糖打包视频”的后果！没忍住买了一批，味道究竟怎么样？,https://www.bilibili.com/video/BV1GH4y1o7E5/
美食测评,危！老婆得了肾结石，我做100盒柠檬百香果蜜让她喝水，还买了Keepk4跑步机，老婆非常开心,https://www.bilibili.com/video/BV1A84y1U77P/
美食测评,全网首测巨大康师傅“冰红茶牛肉面”！配3斤的鸵鸟蛋和12斤的大火腿！,https://www.bilibili.com/video/BV1Fw41117YF/
美食测评,整个餐厅都是下三路为主题！今天就给大家整个全鞭宴！,https://www.bilibili.com/video/BV1rw411y78J/
美食测评,15年的飞天茅台醉大闸蟹，一般人不敢这么吃,https://www.bilibili.com/video/BV1Aw411Y74u/
美食测评,粉面菜蛋什么时候也能有泼天的富贵呢？,https://www.bilibili.com/video/BV14z4y1F78T/
美食测评,顾客评价:“难吃死了”商家回复:“你没死啊？”,https://www.bilibili.com/video/BV1sw411r7wW/
美食测评,当代速食真的好卷啊！懒人之光,https://www.bilibili.com/video/BV1zG411m7yo/
美食测评,挑战盲品不同产地的大闸蟹，价格相差四倍！吃起来有什么不同？,https://www.bilibili.com/video/BV1Pw411k7Hw/
美食测评,湖南小伙卖鳊鱼，活鱼现宰不洗，大料裹的像泥巴，先烤后卤赛肉干,https://www.bilibili.com/video/BV1SH4y1d7An/
美食测评,这萝卜枪确实解压好玩！你们觉得呢？,https://www.bilibili.com/video/BV1Mp4y1F7GR/
美食测评,《全 虫 宴》,https://www.bilibili.com/video/BV1b94y187sw/
美食测评,花600元跟相隔4500公里的网友互换特产是什么样的体验？,https://www.bilibili.com/video/BV1Yh4y1z7tA/
美食测评,又脆又嫩！麦当劳这俩新品，我求你去吃,https://www.bilibili.com/video/BV1uj411x7Go/
美食测评,感谢粉丝！！这个做法真的懒人又好喝！附快速剥石榴的技巧,https://www.bilibili.com/video/BV1r8411k7FK/
美食测评,网红碱水包真的好吃吗？帅小伙试一下！,https://www.bilibili.com/video/BV1EG411m7ZV/
美食测评,蛋黄派卖的牛肉酱真的好吃吗？帅小伙试下！,https://www.bilibili.com/video/BV1eh4y1B7ww/
美食测评,怒斥2500块整理全网“高质量冲泡”，精选出来的平价健康还好喝！逆风翻盘变瘦变美变好看！有了这些喝水量绝对一路狂飙！请速来看！这一集绝对鲨疯了！,https://www.bilibili.com/video/BV1Hw411r7DM/
美食测评,《 土 豆 片 》,https://www.bilibili.com/video/BV1P84y127Eu/
美食测评,30块钱一个的蟹黄汤包真的好吃吗？到底值不值,https://www.bilibili.com/video/BV1rw411k7eF/
美食测评,多吃五黑食材真的好！黑桑葚黑枸杞黑芝麻黑米黑豆都是好东西～安排上！,https://www.bilibili.com/video/BV1fH4y1f7xU/
美食测评,吃啥泡面，米饭管够！,https://www.bilibili.com/video/BV1m8411k7cx/
美食测评,《 花 雕 醉 蟹 》,https://www.bilibili.com/video/BV1784y127fX/
美食测评,今天我变成了烤鸡蛋,https://www.bilibili.com/video/BV1Hu411K7CX/
美食测评,大奶香芋球5個豬｜Vlog My Mouth,https://www.bilibili.com/video/BV1CB4y1Z7Sk/
美食测评,帮你们尝了！这些肉类零食真 的很好吃！,https://www.bilibili.com/video/BV1Rm4y1u7AT/
美食测评,花123元买的16荤烤肉套餐，号称烤肉店都在他家进货，是真的吗？,https://www.bilibili.com/video/BV12j41147Aj/
美食测评,你们要的预制李先生牛肉面PK现做李先生牛肉面来了！,https://www.bilibili.com/video/BV1R8411k7fb/
美食测评,高开低走！10月第一次奶茶新品大会！,https://www.bilibili.com/video/BV1rz4y1F7wG/
美食测评,开瓶,https://www.bilibili.com/video/BV1zC4y157xp/
美食测评,软糯的冰皮加上松软的戚风蛋糕，软糯香甜超好吃。,https://www.bilibili.com/video/BV1hB4y1Z7HM/
美食测评,内蒙特产换全国之广西篇。 感谢感谢感谢广西小姐姐寄的特产，太热情了，太贴心了。爱了爱了。,https://www.bilibili.com/video/BV1W94y187Tu/
美食测评,曝光果蔬脆,https://www.bilibili.com/video/BV19h4y1B75q/
美食测评,超惊喜！奇葩CP零食测评！,https://www.bilibili.com/video/BV1oC4y1d7Xe/
美食测评,学会这一招～轻松解决铁锅生锈和粘锅的问题！二次开锅秒变不粘锅,https://www.bilibili.com/video/BV1S84y117yx/
美食测评,在日本真实生活零钱用的真快又没了,https://www.bilibili.com/video/BV1Fw411Y7um/
美食测评,凭什么拿我撒气！,https://www.bilibili.com/video/BV1Ew411c7MH/
美食测评,评测5款“空气炸锅美食”39元就能吃到土猪排，老板不要赚钱吗？,https://www.bilibili.com/video/BV1bN41147Bo/
美食测评,瘦了十斤，放纵餐吃旺旺酒店自助餐！！,https://www.bilibili.com/video/BV1tw411A7ur/
美食测评,拆开我都懵了…,https://www.bilibili.com/video/BV1y8411k7Nf/
美食测评,内蒙特产换全国之广东潮汕篇。 潮汕小姐姐太豪横了，这满满两大箱，也不知道我之前给她的够不够阿，可别让小姐姐吃亏阿,https://www.bilibili.com/video/BV1Tw411k7Yy/
美食测评,社长竟然学会了究极秘术？领域全开！！【日本办公室料理】,https://www.bilibili.com/video/BV1j84y127Je/
美食测评,这个菜刀真能抽刀断水，削铁如泥？,https://www.bilibili.com/video/BV1Mp4y1F7HN/
美食测评,小时候吃零食的怪癖第二弹！筷子卷泡面，瓶盖喝饮料，你是这样吗,https://www.bilibili.com/video/BV1qh4y1B73r/
美食测评,还有什么好东西是我不知道的？说来听听,https://www.bilibili.com/video/BV16C4y157vP/
美食测评,加班回来10点多了，开摆！炸鸡汉堡+两袋方便面，吃撑了！,https://www.bilibili.com/video/BV13H4y1R7jL/
美食测评,辉月输了两瓶茅80，一波辉月事件清晰明了,https://www.bilibili.com/video/BV1p34y137EZ/
美食测评,大无语事件！,https://www.bilibili.com/video/BV1U8411r7pQ/
美食测评,肯德基，你敢再辣点吗？,https://www.bilibili.com/video/BV1Cw411r7qC/
美食测评,烟熏油浸牡蛎测评，谁说这个很难吃的？,https://www.bilibili.com/video/BV1TH4y1o7Ab/
田园美食,坏了！真让漠叔找到流量密码了,https://www.bilibili.com/video/BV1Hw411r7iA/
田园美食,魔芋爽生产过程曝光！原来是这样制作的,https://www.bilibili.com/video/BV1384y127ok/
田园美食,七年没吃了的灌汤包店，老板娘居然还记得我,https://www.bilibili.com/video/BV1bw411A7oV/
田园美食,斯里兰卡捕大虾，虾身比手臂粗，做咖喱虾球香哭了,https://www.bilibili.com/video/BV1LG411U71X/
田园美食,你喝过树汁吗？真的很好喝,https://www.bilibili.com/video/BV1Au4y1s7Y8/
田园美食,土瓦房里存放了三年的火腿，肥肉入口即化，生吃简直不要太爽,https://www.bilibili.com/video/BV1Hw411y7Bp/
田园美食,小时候奶奶经常做的芝麻盐 记忆中的味道.,https://www.bilibili.com/video/BV1Em4y1g73n/
田园美食,做大做强 #新农人计划2023 #芡实 #种出中国好肇实,https://www.bilibili.com/video/BV11C4y1d7XM/
田园美食,平淡日子里的人间烟火。,https://www.bilibili.com/video/BV1A8411C7L2/
田园美食,看完你还敢吃薯片吗？,https://www.bilibili.com/video/BV13m4y1g785/
田园美食,钓的鱼太大吃不完，只能拜托热心村民们了,https://www.bilibili.com/video/BV1rp4y1M7WV/
田园美食,美食与爱情的热情碰撞，品味生活中的美好时刻,https://www.bilibili.com/video/BV1h84y117Kv/
田园美食,乡里难得一吃的高端食材，必须请至爱亲朋一起享受,https://www.bilibili.com/video/BV1JB4y1Z7Li/
田园美食,780块买几个牛腱子，食叔做“垛子牛肉”，酱香入味，越吃越香,https://www.bilibili.com/video/BV1i94y1b7na/
田园美食,长得跟鸭子很像的鱼，你们知道这是什么鱼吗,https://www.bilibili.com/video/BV1zu411M7FP/
田园美食,嗷哦～,https://www.bilibili.com/video/BV128411k7ym/
田园美食,1头羊，15斤牛肉，食叔做牛羊肉卷火锅，一家人围着锅吃，真香,https://www.bilibili.com/video/BV1gh4y1r7Fn/
田园美食,原来如此啊,https://www.bilibili.com/video/BV1pm4y1g7ew/
田园美食,机械化采藕大揭秘，告别手工挖藕时代！,https://www.bilibili.com/video/BV1JC4y157WJ/
田园美食,不是所有火腿都能存放三年以上，两年的花白霉火腿骨头边都已经开始霉变,https://www.bilibili.com/video/BV1ju4y1s74w/
田园美食,颠覆认知，花生原来不是根部结果！,https://www.bilibili.com/video/BV16C4y157bK/
田园美食,你小时候吃过糖丸吗？原来这些糖丸跟黎明有关,https://www.bilibili.com/video/BV1Bw411r7Hv/
田园美食,葡萄丰收，婆婆整10斤大鱼，铁锅炖庆祝，家人围一桌，吃到乐呵呵,https://www.bilibili.com/video/BV1m94y1b7Jo/
田园美食,我敢说你肯定没有见过这样的水果,https://www.bilibili.com/video/BV1vj41147A5/
田园美食,"草原早茶,丰富且热量十足。",https://www.bilibili.com/video/BV1hN4y1Z7xo/
田园美食,本想开一条一年的黑猪火腿， 给大家介绍一下一到三年的火腿有何不同，没想到竟是一条雪花火腿,https://www.bilibili.com/video/BV1a8411k7vS/
田园美食,不知道红桃k的朋友损失大啦！！！！,https://www.bilibili.com/video/BV1S8411k7ZN/
田园美食,在农村有一群不扫兴的朋友是种什么体验？,https://www.bilibili.com/video/BV1hp4y1M73H/
田园美食,已菱熟采毕！形如牛角，为何是江南人的心头好？,https://www.bilibili.com/video/BV1Yz4y1F7jf/
田园美食,1000买40只特大大闸蟹，做香辣大闸蟹满满一大锅，配点小酒太爽了,https://www.bilibili.com/video/BV11H4y1d7ZG/
田园美食,田边水坑里抓了一只小龙虾，放蚌壳里做蒜蓉小龙虾，鲜美可口真香,https://www.bilibili.com/video/BV1Z8411r77Y/
田园美食,大山里面一年只能吃一次的八月瓜，香甜软糯，还没吃够就快没有了,https://www.bilibili.com/video/BV1984y117kk/
田园美食,魔芋爽里真的有魔芋吗？我们走进工厂一探究竟！,https://www.bilibili.com/video/BV1z94y187Jy/
田园美食,原来咖啡的原料是这个！,https://www.bilibili.com/video/BV1zC4y1V7mg/
田园美食,1350买整个大牛腿，丢入铁锅慢炖4小时，大块吃肉大碗喝酒，真爽,https://www.bilibili.com/video/BV1sp4y1u74d/
田园美食,到底是几桶水，感觉松松头都要秃了,https://www.bilibili.com/video/BV1gj411t7ac/
田园美食,2000斤巨型南瓜种植教程，看完你也可以！,https://www.bilibili.com/video/BV1tB4y1Z7fH/
田园美食,一刀切下去，流口水,https://www.bilibili.com/video/BV1mC4y1d7zh/
田园美食,5块买了一盒喜羊羊与灰太狼薯条，放石板上烧烤一下，太好吃了,https://www.bilibili.com/video/BV1bu411K7hx/
田园美食,在繁忙的生活中，给自己一个享受美食的机会，品尝我们的草原牛排，感受大自然的馈赠，与家人分享美食之旅。,https://www.bilibili.com/video/BV1L34y1G7vv/
田园美食,亲戚送了2箩筐泥蛏，阿胖山做莆田特色菜蛏溜，鲜美无比真好吃,https://www.bilibili.com/video/BV1Pw411Y7c3/
田园美食,627买2条鳄鱼尾，裹上海泥烤半天，出锅狗看了都摇头,https://www.bilibili.com/video/BV1LN4y1y7qm/
田园美食,嚯嚯嚯，你们都爱吃烤鸭，不知道这种烤鸭有没有吃过或者是见过的兄弟,https://www.bilibili.com/video/BV1Vz4y1F7Fs/
田园美食,满满湘味的白椒爆肥肠，鲜辣爽口，加上麻辣川味的花椒爆儿肠，麻辣脆嫩，今天这顿饭简直不要太巴适！,https://www.bilibili.com/video/BV1w8411k75w/
田园美食,印尼生焖【猴头菇】,https://www.bilibili.com/video/BV1Uh4y1B7K3/
田园美食,返乡3年终于干了一件父辈认可的事情，这次终于不亏本啦！,https://www.bilibili.com/video/BV13m4y1g7A3/
田园美食,虾，龙虾，鱿鱼须花！,https://www.bilibili.com/video/BV1ZH4y1f7U4/
田园美食,味道巴适，做起方便的干锅排骨，不会做菜的你也能轻松学会，下一单跟着做起来！,https://www.bilibili.com/video/BV1JG411m78i/
田园美食,3块买了4个网球造型的泡泡糖，放石板上烧烤一下，好吃极了,https://www.bilibili.com/video/BV1dw411r7y3/
田园美食,美女钓到一条有鱼宝石的大青鱼，特意拿来让阿乐帮忙处理,https://www.bilibili.com/video/BV1du411M7Rt/
美食记录,国庆后的减脂餐，掉秤嘎嘎快,https://www.bilibili.com/video/BV1eG411m7iL/
美食记录,卷凉皮,https://www.bilibili.com/video/BV1fH4y1f747/
美食记录,三健客挑战8捆福建线面！,https://www.bilibili.com/video/BV1U8411r7Kb/
美食记录,“一寸肚，一拈慕”，这么伤感的歌，咋给我听饿了。。。《桃花诺》美食版！！！,https://www.bilibili.com/video/BV1eN4y1Z7A7/
美食记录,今天不减肥，给大家变个魔术,https://www.bilibili.com/video/BV1F94y187jr/
美食记录,三健客全力以赴，训练一整天，只为再次挑战福建线面，R哥创新高挑战12捆,https://www.bilibili.com/video/BV1Yu4y1W7ws/
美食记录,现场审判，先尝尝先。,https://www.bilibili.com/video/BV1QG411m72G/
美食记录,“请推荐给没吃饭的朋友们～”,https://www.bilibili.com/video/BV1Pp4y1u78a/
美食记录,糖果打包视频来咯,https://www.bilibili.com/video/BV1t84y127mF/
美食记录,大概能体验广西人的快乐了！,https://www.bilibili.com/video/BV1yu411M7EL/
美食记录,师傅教徒弟做蛋炒饭,https://www.bilibili.com/video/BV1KN4y1Z7mh/
美食记录,胖龙第一次吃线面，两捆下一大锅，儿子感叹：越吃越多,https://www.bilibili.com/video/BV1j8411k75c/
美食记录,芬兰特种兵一家第一次逛东北早市！便宜好吃爽到飞起！吃遍夜市美食嘎嘎香！遭到热情大爷大妈疯狂围观夸夸夸？！,https://www.bilibili.com/video/BV158411k7gU/
美食记录,胖龙300元网购一只羊，肉又多又肥，一羊两吃,https://www.bilibili.com/video/BV1kh4y1B7mM/
美食记录,外甥女婚宴，我亲自下厨做蒜蓉海鲜大咖，出锅后翻大车了,https://www.bilibili.com/video/BV1r34y1u7HG/
美食记录,趁着还没下课，先偷吃一串烤丸子,https://www.bilibili.com/video/BV1iw411r7VU/
美食记录,大盘鸡真好吃,https://www.bilibili.com/video/BV1FG411m7CH/
美食记录,这联动是真的吗，美味男团出道啦？,https://www.bilibili.com/video/BV1bu411M7Cj/
美食记录,有一个爱做饭的室友是什么体验,https://www.bilibili.com/video/BV1J8411k7SM/
美食记录,韩国女校食堂5500元自助午饭长啥样？,https://www.bilibili.com/video/BV1TH4y1o7uo/
美食记录,胖龙自制炸鸡腿，炸的外焦里嫩，配上泡面，太过瘾了,https://www.bilibili.com/video/BV12w411A7fK/
美食记录,吃顿好的,https://www.bilibili.com/video/BV1nH4y1o7Ru/
美食记录,韩国女校食堂5500元自助午饭长啥样？,https://www.bilibili.com/video/BV1Pw411178s/
美食记录,南北方饺子文化差异也太大了，这些馅都老好吃了,https://www.bilibili.com/video/BV1Rm4y1u7ht/
美食记录,晚饭不能将就,https://www.bilibili.com/video/BV1h8411k7VZ/
美食记录,我不允许我一个人被笑。魔性敲鸡蛋,https://www.bilibili.com/video/BV1Gw411r7Dx/
美食记录,8捆线面和8包泡面谁更难，三健客的极限到底在哪里,https://www.bilibili.com/video/BV1LG411U7EJ/
美食记录,探秘美食记：打卡胖东来4.5一只的大闸蟹！这辈子一定要去趟胖东来，才算圆满！,https://www.bilibili.com/video/BV1uH4y1o7u9/
美食记录,油画换物：锅盔美食,https://www.bilibili.com/video/BV1pw411A73V/
美食记录,广东人看一眼就会爆炸的程度。,https://www.bilibili.com/video/BV12z4y1F7Rw/
美食记录,在西班牙卖川味爆炒花甲能不能赚钱？今天先拿火腿店朋友做个测试,https://www.bilibili.com/video/BV1jp4y1F7Gi/
美食记录,哈哈哈，一会看她怎么吃!,https://www.bilibili.com/video/BV16B4y1Z7xt/
美食记录,新疆，一个让预制菜哭爹喊娘的地方,https://www.bilibili.com/video/BV1n8411k7nD/
美食记录,韩国女校食堂5500元自助午饭长啥样？,https://www.bilibili.com/video/BV1P8411C7UM/
美食记录,有一个爱做饭的室友是什么体验,https://www.bilibili.com/video/BV1aC4y157u5/
美食记录,假吃已经够隐蔽了，为什么还会被发现？？,https://www.bilibili.com/video/BV1pB4y1Z72r/
美食记录,【高亚麟】最新视频上线，求关注！,https://www.bilibili.com/video/BV1Tp4y1F7ys/
美食记录,师傅教大学生徒弟做可乐鸡翅，徒弟笑嘻嘻,https://www.bilibili.com/video/BV1Cw411r7fQ/
美食记录,女大学生的无力感,https://www.bilibili.com/video/BV1T94y187L3/
美食记录,炸串,https://www.bilibili.com/video/BV1rz4y1F7gG/
美食记录,胖龙给儿子做爱心“猪蹄饭”先啃猪蹄，再吃米饭，嘎嘎香,https://www.bilibili.com/video/BV1Xp4y1M75d/
美食记录,连吃泡面第66天，先炫不要钱的烤肉再吸面,https://www.bilibili.com/video/BV1Mp4y1F7ed/
美食记录,新手第一次炒饼丝，看师傅怎么讲,https://www.bilibili.com/video/BV1Uw411a7kY/
美食记录,我挺难受！,https://www.bilibili.com/video/BV1zw411A7fZ/
美食记录,韩国女校食堂5500元自助午饭长啥样？,https://www.bilibili.com/video/BV1rm4y1g7re/
美食记录,末日食谱之铁锅炖大鹅,https://www.bilibili.com/video/BV1r94y1b7tn/
美食记录,新疆最美独库公路，花100元吃羊肚菌拌面，分量足味道好景色也太美了,https://www.bilibili.com/video/BV1iw411r7W1/
美食记录,花2万块把安徽臭鳜鱼背到了西班牙，会有老外懂欣赏吗？,https://www.bilibili.com/video/BV1du411M7GJ/
美食记录,爷仨在家做个蒸面条，简单吃点,https://www.bilibili.com/video/BV1Gw411y7dp/
美食记录,我妈说她头一回吃！,https://www.bilibili.com/video/BV1o8411k7cC/
