b站名人堂up主链接,名人堂up主昵称
https://space.bilibili.com/16?spm_id_from=333.934.0.0,荼荼丸
https://space.bilibili.com/2691?spm_id_from=333.934.0.0,失明少女
https://space.bilibili.com/2565?spm_id_from=333.934.0.0,beijizhu
https://space.bilibili.com/109?spm_id_from=333.934.0.0,hank
https://space.bilibili.com/2046?spm_id_from=333.934.0.0,NINI
https://space.bilibili.com/2997?spm_id_from=333.934.0.0,捂脸姬
https://space.bilibili.com/38039?spm_id_from=333.934.0.0,AUER
https://space.bilibili.com/23098?spm_id_from=333.934.0.0,ハオ
https://space.bilibili.com/1439?spm_id_from=333.934.0.0,疾风之龙
https://space.bilibili.com/11167?spm_id_from=333.934.0.0,平安夜的噩梦
