序号,up主,视频链接
0,荼荼丸,https://www.bilibili.com/video/BV1Xx41117T7/
1,荼荼丸,https://www.bilibili.com/video/BV1es41197hW/
2,荼荼丸,https://www.bilibili.com/video/BV14x411c7wW/
3,荼荼丸,https://www.bilibili.com/video/BV1V34y1s7sw/
4,荼荼丸,https://www.bilibili.com/video/BV1pT411G765/
5,荼荼丸,https://www.bilibili.com/video/BV174411Z7G5/
6,荼荼丸,https://www.bilibili.com/video/BV15t411L7xb/
7,荼荼丸,https://www.bilibili.com/video/BV1kx4119729/
8,荼荼丸,https://www.bilibili.com/video/BV1Bx411o7WB/
9,荼荼丸,https://www.bilibili.com/video/BV14x411F7HT/
10,荼荼丸,https://www.bilibili.com/video/BV14x411w7X3/
11,荼荼丸,https://www.bilibili.com/video/BV15x411w7bc/
12,荼荼丸,https://www.bilibili.com/video/BV1Lx411w7L8/
13,荼荼丸,https://www.bilibili.com/video/BV1ix411c7do/
14,荼荼丸,https://www.bilibili.com/video/BV1Wx411c7Q4/
15,荼荼丸,https://www.bilibili.com/video/BV1Hx411c7Ry/
16,荼荼丸,https://www.bilibili.com/video/BV1tx411c78K/
17,荼荼丸,https://www.bilibili.com/video/BV1xx411c7bd/
18,荼荼丸,https://www.bilibili.com/video/BV1xx411c7Ro/
19,荼荼丸,https://www.bilibili.com/video/BV1xx411c7dj/
20,荼荼丸,https://www.bilibili.com/video/BV1xx411c7ZF/
