b站实时排行榜前一百视频url,up主昵称
https://www.bilibili.com/video/BV1vw411r7yL,崩坏星穹铁道
https://www.bilibili.com/video/BV1cH4y1o76p,异次元流落的一只羊
https://www.bilibili.com/video/BV1fH4y1f747,老王日记油画
https://www.bilibili.com/video/BV1k8411k7x9,脱缰凯Kk
https://www.bilibili.com/video/BV1p8411k7qF,高斯Goh
https://www.bilibili.com/video/BV1Vh4y1r77d,真子日记
https://www.bilibili.com/video/BV1Fu4y147Tx,龙腾虎跃龙兽医
https://www.bilibili.com/video/BV1Ez4y1F72a,小约翰可汗
https://www.bilibili.com/video/BV1Ww411y7wW,记录生活的蛋黄派
https://www.bilibili.com/video/BV1ou411K7QC,原神
https://www.bilibili.com/video/BV1c94y187Xb,吃花椒的喵酱
https://www.bilibili.com/video/BV17u4y1s78f,红警HBK08
https://www.bilibili.com/video/BV1Du411M7p7,金牌厨柜官方号
https://www.bilibili.com/video/BV1Dh4y1B7hL,老麦的工具库
https://www.bilibili.com/video/BV1g84y1U79d,大嘴王改造
https://www.bilibili.com/video/BV1ew411y7Ep,带你玩ai
https://www.bilibili.com/video/BV1ow411w7L3,Still-23
https://www.bilibili.com/video/BV1Kw411177r,央视农业
https://www.bilibili.com/video/BV1gN411b76y,宅宅的动物园
https://www.bilibili.com/video/BV15H4y1o7iY,chuhooLee秋豪
https://www.bilibili.com/video/BV1ez4y1F77G,梵影纪录
https://www.bilibili.com/video/BV1eG411m7iL,阿文今天吃什么丶
https://www.bilibili.com/video/BV11z4y1F7Wm,未来小哆啦
https://www.bilibili.com/video/BV1jG411m7Q3,豆包的记事本
https://www.bilibili.com/video/BV1NN4y1Z7aJ,白又白说
https://www.bilibili.com/video/BV1FC4y157Ub,给芒果核梳毛呀
https://www.bilibili.com/video/BV1a84y117za,侃哥侃英语
https://www.bilibili.com/video/BV1k34y137TE,开箱嘤嘤怪
https://www.bilibili.com/video/BV1KN4y1Z7mh,灶台小子
https://www.bilibili.com/video/BV1g84y1U7em,日食记
https://www.bilibili.com/video/BV1Zw411w7z4,粗中有细的计数板
https://www.bilibili.com/video/BV1Gw411A7zy,青蛙刀圣_1993
https://www.bilibili.com/video/BV1o84y1176v,papi酱
https://www.bilibili.com/video/BV1o34y137Px,培根悖论唠唠嗑
https://www.bilibili.com/video/BV1RN411t7pK,一目十影
https://www.bilibili.com/video/BV1X94y1b7HT,菁柠动漫城
https://www.bilibili.com/video/BV1a94y1b7X6,煎饼果仔呀
https://www.bilibili.com/video/BV1Ku4y147pt,李娃娃在这
https://www.bilibili.com/video/BV1Eu411M7M7,Toihoa
https://www.bilibili.com/video/BV1Ch4y1z7wb,阳光男孩小丑熊
https://www.bilibili.com/video/BV1QC4y1V7Xp,大超同学在路上
https://www.bilibili.com/video/BV1Tu4y147iE,吃不饱仨战士
https://www.bilibili.com/video/BV1U8411r7Kb,干饭三健客
https://www.bilibili.com/video/BV1Gz4y1F7xC,打太极的小赵
https://www.bilibili.com/video/BV1LB4y1Z7G6,国际宫and乡土莉
https://www.bilibili.com/video/BV1Rj41147SN,太阳星sunstar
https://www.bilibili.com/video/BV1ww411A7WT,影视飓风
https://www.bilibili.com/video/BV1gj411t7vV,知名相声演员BBBBB大王
https://www.bilibili.com/video/BV1um4y1g7QR,必憨宝
https://www.bilibili.com/video/BV1fh4y1B7tf,李合适Riggy
https://www.bilibili.com/video/BV1BN4y1Z7RX,绝对正儀
https://www.bilibili.com/video/BV1Yu411M776,狂阿弥_
https://www.bilibili.com/video/BV1qp4y1M7EN,猪坚强jqsg999
https://www.bilibili.com/video/BV1hC4y1V7EX,粤知一二
https://www.bilibili.com/video/BV1U84y1175X,摩斯神探
https://www.bilibili.com/video/BV1DC4y1L794,superB太
https://www.bilibili.com/video/BV1MB4y1Z7FT,进击的金厂长
https://www.bilibili.com/video/BV1zu411M7cs,沂蒙人陈州
https://www.bilibili.com/video/BV1GH4y1o7E5,穿毛裤的小拉泽
https://www.bilibili.com/video/BV1Hw411r74k,Mima-密码
https://www.bilibili.com/video/BV1D34y1377Z,魔界造物
https://www.bilibili.com/video/BV1CN4y1y7Cb,虎牙龙斯基
https://www.bilibili.com/video/BV1bz4y1F7LT,广州番禺静静
https://www.bilibili.com/video/BV1Jm4y1G7Aa,赛雷三分钟
https://www.bilibili.com/video/BV1oH4y1d7TL,中国BOY超级大猩猩
https://www.bilibili.com/video/BV11z4y1F7dV,努力的Lorre
https://www.bilibili.com/video/BV13p4y1F77q,英雄联盟-通子哥
https://www.bilibili.com/video/BV1Tz4y1F741,ikun小玖
https://www.bilibili.com/video/BV1VN4y1Z77t,-龙龙历险记-
https://www.bilibili.com/video/BV17w411A7sm,乔乔和夫夫
https://www.bilibili.com/video/BV1zz4y1F7Ht,伤心欲茄222
https://www.bilibili.com/video/BV1Uw411y7t6,九夜听风
https://www.bilibili.com/video/BV16j41147NK,野球帝王师傅
https://www.bilibili.com/video/BV1d94y1b7WC,-评头论足-
https://www.bilibili.com/video/BV1xj41147zW,火焰三黄鸡ao
https://www.bilibili.com/video/BV1dj41147qZ,机智朱马马
https://www.bilibili.com/video/BV1eh4y1B7MQ,久远丶酱
https://www.bilibili.com/video/BV1Vp4y1F7cs,鸵鸟在线吃啵
https://www.bilibili.com/video/BV1kC4y1V7RV,富贵的沙雕日记
https://www.bilibili.com/video/BV1ku411M7t7,巫兔菌
https://www.bilibili.com/video/BV11m4y1u79U,Mr桐总管
https://www.bilibili.com/video/BV1bw411y7XX,李如儒也是李蠕蠕
https://www.bilibili.com/video/BV1i94y1b7hZ,蛋解杂谈
https://www.bilibili.com/video/BV1ew411r7qp,梁11不摇滚
https://www.bilibili.com/video/BV1Wp4y1F74e,美食作家王刚R
https://www.bilibili.com/video/BV1cN411b7z1,狂风桑
https://www.bilibili.com/video/BV1vN4y1Z7PQ,长片短解
https://www.bilibili.com/video/BV1EN411b786,七颗猩猩QKXX
https://www.bilibili.com/video/BV1G8411y76w,恐龙盘点社
https://www.bilibili.com/video/BV1ZC4y1V7NN,大椿哥哥吖
https://www.bilibili.com/video/BV1Fw411A73i,宋云生-
https://www.bilibili.com/video/BV1FN411b7vB,Feice660
https://www.bilibili.com/video/BV1TC4y157XL,TES-Rookie
https://www.bilibili.com/video/BV1F8411k7pk,一叮当猫一
https://www.bilibili.com/video/BV1p8411k7fs,田花花
https://www.bilibili.com/video/BV1JN411b796,上将王司徒
https://www.bilibili.com/video/BV1h84y117iy,海铭爱美丽
https://www.bilibili.com/video/BV1KN4y1Z7XT,初九Haimon
https://www.bilibili.com/video/BV1rz4y1F7a8,勇敢哥特
https://www.bilibili.com/video/BV1Bj41147Dr,神仙_baba
